{"cameraMode":{"drawMode":0,"name":"Shaded","section":"Shading Mode"},"sceneLighting":true,"audioPlay":false,"sceneViewState":{"showFog":true,"showMaterialUpdate":false,"showSkybox":true,"showFlares":true,"showImageEffects":true,"showParticleSystems":true},"in2DMode":false,"pivot":{"x":1.8092193603515626,"y":-3.2977871894836427,"z":0.8710930347442627},"rotation":{"x":0.12453018128871918,"y":0.6913911700248718,"z":-0.12282027304172516,"w":0.701001763343811},"size":31.932334899902345,"orthographic":false}